,ACCESS-ESM1-5,BCC-CSM2-MR,CESM2,CNRM-ESM2-1,CanESM5,GFDL-ESM4,IPSL-CM6A-LR,MIROC-ES2L,MPI-ESM1-2-LR,NorESM2-LM,UKESM1-0-LL
r0,37.10676383440463,24.286652758551085,39.80545325917305,37.17596779333336,33.25942641325135,35.45684809645829,25.302988478935355,32.066548683790444,34.24583933204936,40.03620624856097,37.18712252576019
rU,0.03352723372666078,0.009927088406529807,0.016762557251338267,0.011127163963503862,0.013533573420980292,0.016256243076631913,0.04060638391536627,0.018427015612284194,0.026830326052528698,0.01606782485671607,0.0232469450476032
rT,2.986948355119999,5.862254820245667,1.4567020244086208,3.231053079249513,0.0015707499160271254,4.318713476638834,1.5959840422174238,3.9145544074794785,1.4098330846689677,1.805064095652824,2.8136716077708854
rA,0.0,0.0,0.0,0.0,0.0,0.0,0.0,0.0,0.0,0.0,0.0
