,ACCESS-ESM1-5,BCC-CSM2-MR,CESM2,CNRM-ESM2-1,CanESM5,GFDL-ESM4,IPSL-CM6A-LR,MIROC-ES2L,MPI-ESM1-2-LR,NorESM2-LM,UKESM1-0-LL
r0,36.73854601035055,25.589821019851797,40.704695982343765,38.09182601398885,35.70573492682388,34.26732262345922,32.223599635483424,33.39478016647172,33.33937342916488,40.735872526405046,37.91594456570033
rU,0.0349535801301073,0.00597614250950862,0.010664893971021883,0.0005810081769186404,-0.005958784801017192,0.021861410870304354,0.016608701817126814,0.013104461258272693,0.031043773610946346,0.009471296196005063,0.020138272127751655
rT,3.036651884848311,5.196160258410032,1.2786398011433562,2.472206604249436,-0.10385375927186047,4.855081881723322,1.0693983052255476,3.4644393974775767,1.499323874009292,1.5631932779473914,2.6714005898495543
rA,-0.0006603263192310749,0.004393751681079472,0.004211308668836011,0.009783189726962682,0.018116906645659014,-0.004242277713558451,0.012336113500092338,0.003993779169272571,-0.002570300844565665,0.004887468785878646,0.0018119017134572424
